[{"model": "main.parameters", "pk": 1, "fields": {"contact_email": "JohnSmith@abc.edu", "experiment_time_zone": "US/Pacific", "site_url": "https://localhost:8000", "test_email_account": "abc@gmail.com", "channel_key": "b493a10a-f45c-48a4-9f5d-2cc4da611234", "timestamp": "2021-02-20T19:09:13.897Z", "updated": "2021-02-20T19:12:21.850Z"}}, {"model": "main.parameterset", "pk": 1, "fields": {"number_of_buyers": 2, "number_of_sellers": 3, "timestamp": "2021-08-10T18:21:46.276Z", "updated": "2021-08-10T18:23:49.947Z"}}, {"model": "main.parametersetperiod", "pk": 30, "fields": {"parameter_set": 1, "period_number": 1, "price_cap": "0.00", "price_cap_enabled": false, "y_scale_max": 13, "x_scale_max": 11, "timestamp": "2021-08-10T18:21:46.300Z", "updated": "2021-08-10T18:28:26.448Z"}}, {"model": "main.parametersetperiod", "pk": 31, "fields": {"parameter_set": 1, "period_number": 2, "price_cap": "0.00", "price_cap_enabled": false, "y_scale_max": 13, "x_scale_max": 11, "timestamp": "2021-08-10T18:21:51.600Z", "updated": "2021-08-12T18:58:47.686Z"}}, {"model": "main.parametersetperiodsubject", "pk": 185, "fields": {"parameter_set_period": 30, "id_number": 1, "subject_type": "Buyer", "timestamp": "2021-08-10T18:21:46.324Z", "updated": "2021-08-10T18:21:46.324Z"}}, {"model": "main.parametersetperiodsubject", "pk": 186, "fields": {"parameter_set_period": 30, "id_number": 1, "subject_type": "Seller", "timestamp": "2021-08-10T18:21:46.365Z", "updated": "2021-08-10T18:21:46.365Z"}}, {"model": "main.parametersetperiodsubject", "pk": 187, "fields": {"parameter_set_period": 31, "id_number": 1, "subject_type": "Buyer", "timestamp": "2021-08-10T18:21:51.636Z", "updated": "2021-08-12T18:58:45.660Z"}}, {"model": "main.parametersetperiodsubject", "pk": 188, "fields": {"parameter_set_period": 31, "id_number": 1, "subject_type": "Seller", "timestamp": "2021-08-10T18:21:51.674Z", "updated": "2021-08-12T18:58:47.717Z"}}, {"model": "main.parametersetperiodsubject", "pk": 189, "fields": {"parameter_set_period": 30, "id_number": 2, "subject_type": "Seller", "timestamp": "2021-08-10T18:23:40.309Z", "updated": "2021-08-10T18:23:40.309Z"}}, {"model": "main.parametersetperiodsubject", "pk": 190, "fields": {"parameter_set_period": 31, "id_number": 2, "subject_type": "Seller", "timestamp": "2021-08-10T18:23:40.347Z", "updated": "2021-08-12T18:58:47.743Z"}}, {"model": "main.parametersetperiodsubject", "pk": 191, "fields": {"parameter_set_period": 30, "id_number": 2, "subject_type": "Buyer", "timestamp": "2021-08-10T18:23:48.024Z", "updated": "2021-08-10T18:23:48.024Z"}}, {"model": "main.parametersetperiodsubject", "pk": 192, "fields": {"parameter_set_period": 31, "id_number": 2, "subject_type": "Buyer", "timestamp": "2021-08-10T18:23:48.076Z", "updated": "2021-08-12T18:58:45.686Z"}}, {"model": "main.parametersetperiodsubject", "pk": 193, "fields": {"parameter_set_period": 30, "id_number": 3, "subject_type": "Seller", "timestamp": "2021-08-10T18:23:49.979Z", "updated": "2021-08-10T18:23:49.979Z"}}, {"model": "main.parametersetperiodsubject", "pk": 194, "fields": {"parameter_set_period": 31, "id_number": 3, "subject_type": "Seller", "timestamp": "2021-08-10T18:23:50.039Z", "updated": "2021-08-12T18:58:47.769Z"}}, {"model": "main.parametersetperiodsubjectvaluecost", "pk": 733, "fields": {"parameter_set_period_subject": 185, "value_cost": "10.00", "enabled": true, "timestamp": "2021-08-10T18:21:46.331Z", "updated": "2021-08-10T18:24:00.302Z"}}, {"model": "main.parametersetperiodsubjectvaluecost", "pk": 734, "fields": {"parameter_set_period_subject": 185, "value_cost": "8.25", "enabled": true, "timestamp": "2021-08-10T18:21:46.341Z", "updated": "2021-08-10T18:24:09.373Z"}}, {"model": "main.parametersetperiodsubjectvaluecost", "pk": 735, "fields": {"parameter_set_period_subject": 185, "value_cost": "6.00", "enabled": true, "timestamp": "2021-08-10T18:21:46.348Z", "updated": "2021-08-10T18:24:15.788Z"}}, {"model": "main.parametersetperiodsubjectvaluecost", "pk": 736, "fields": {"parameter_set_period_subject": 185, "value_cost": "4.00", "enabled": true, "timestamp": "2021-08-10T18:21:46.354Z", "updated": "2021-08-10T18:24:20.168Z"}}, {"model": "main.parametersetperiodsubjectvaluecost", "pk": 737, "fields": {"parameter_set_period_subject": 186, "value_cost": "1.00", "enabled": true, "timestamp": "2021-08-10T18:21:46.372Z", "updated": "2021-08-10T18:25:46.773Z"}}, {"model": "main.parametersetperiodsubjectvaluecost", "pk": 738, "fields": {"parameter_set_period_subject": 186, "value_cost": "10.00", "enabled": true, "timestamp": "2021-08-10T18:21:46.380Z", "updated": "2021-08-10T18:26:42.238Z"}}, {"model": "main.parametersetperiodsubjectvaluecost", "pk": 739, "fields": {"parameter_set_period_subject": 186, "value_cost": "7.00", "enabled": true, "timestamp": "2021-08-10T18:21:46.389Z", "updated": "2021-08-10T18:26:50.282Z"}}, {"model": "main.parametersetperiodsubjectvaluecost", "pk": 740, "fields": {"parameter_set_period_subject": 186, "value_cost": "4.25", "enabled": true, "timestamp": "2021-08-10T18:21:46.395Z", "updated": "2021-08-10T18:26:56.878Z"}}, {"model": "main.parametersetperiodsubjectvaluecost", "pk": 741, "fields": {"parameter_set_period_subject": 187, "value_cost": "12.00", "enabled": true, "timestamp": "2021-08-10T18:21:51.643Z", "updated": "2021-08-12T19:02:00.157Z"}}, {"model": "main.parametersetperiodsubjectvaluecost", "pk": 742, "fields": {"parameter_set_period_subject": 187, "value_cost": "10.25", "enabled": true, "timestamp": "2021-08-10T18:21:51.650Z", "updated": "2021-08-12T19:02:00.161Z"}}, {"model": "main.parametersetperiodsubjectvaluecost", "pk": 743, "fields": {"parameter_set_period_subject": 187, "value_cost": "8.00", "enabled": true, "timestamp": "2021-08-10T18:21:51.656Z", "updated": "2021-08-12T19:02:00.166Z"}}, {"model": "main.parametersetperiodsubjectvaluecost", "pk": 744, "fields": {"parameter_set_period_subject": 187, "value_cost": "6.00", "enabled": true, "timestamp": "2021-08-10T18:21:51.663Z", "updated": "2021-08-12T19:02:00.170Z"}}, {"model": "main.parametersetperiodsubjectvaluecost", "pk": 745, "fields": {"parameter_set_period_subject": 188, "value_cost": "2.00", "enabled": true, "timestamp": "2021-08-10T18:21:51.682Z", "updated": "2021-08-12T19:02:06.879Z"}}, {"model": "main.parametersetperiodsubjectvaluecost", "pk": 746, "fields": {"parameter_set_period_subject": 188, "value_cost": "5.25", "enabled": true, "timestamp": "2021-08-10T18:21:51.689Z", "updated": "2021-08-12T19:02:06.884Z"}}, {"model": "main.parametersetperiodsubjectvaluecost", "pk": 747, "fields": {"parameter_set_period_subject": 188, "value_cost": "8.00", "enabled": true, "timestamp": "2021-08-10T18:21:51.695Z", "updated": "2021-08-12T19:02:06.889Z"}}, {"model": "main.parametersetperiodsubjectvaluecost", "pk": 748, "fields": {"parameter_set_period_subject": 188, "value_cost": "11.00", "enabled": true, "timestamp": "2021-08-10T18:21:51.703Z", "updated": "2021-08-12T19:02:06.893Z"}}, {"model": "main.parametersetperiodsubjectvaluecost", "pk": 749, "fields": {"parameter_set_period_subject": 189, "value_cost": "2.00", "enabled": true, "timestamp": "2021-08-10T18:23:40.316Z", "updated": "2021-08-10T18:26:34.206Z"}}, {"model": "main.parametersetperiodsubjectvaluecost", "pk": 750, "fields": {"parameter_set_period_subject": 189, "value_cost": "11.00", "enabled": true, "timestamp": "2021-08-10T18:23:40.322Z", "updated": "2021-08-10T18:27:25.215Z"}}, {"model": "main.parametersetperiodsubjectvaluecost", "pk": 751, "fields": {"parameter_set_period_subject": 189, "value_cost": "8.00", "enabled": true, "timestamp": "2021-08-10T18:23:40.327Z", "updated": "2021-08-10T18:27:11.810Z"}}, {"model": "main.parametersetperiodsubjectvaluecost", "pk": 752, "fields": {"parameter_set_period_subject": 189, "value_cost": "5.25", "enabled": true, "timestamp": "2021-08-10T18:23:40.332Z", "updated": "2021-08-10T18:27:06.246Z"}}, {"model": "main.parametersetperiodsubjectvaluecost", "pk": 753, "fields": {"parameter_set_period_subject": 190, "value_cost": "3.00", "enabled": true, "timestamp": "2021-08-10T18:23:40.352Z", "updated": "2021-08-12T19:02:06.899Z"}}, {"model": "main.parametersetperiodsubjectvaluecost", "pk": 754, "fields": {"parameter_set_period_subject": 190, "value_cost": "6.25", "enabled": true, "timestamp": "2021-08-10T18:23:40.356Z", "updated": "2021-08-12T19:02:06.904Z"}}, {"model": "main.parametersetperiodsubjectvaluecost", "pk": 755, "fields": {"parameter_set_period_subject": 190, "value_cost": "9.00", "enabled": true, "timestamp": "2021-08-10T18:23:40.361Z", "updated": "2021-08-12T19:02:06.908Z"}}, {"model": "main.parametersetperiodsubjectvaluecost", "pk": 756, "fields": {"parameter_set_period_subject": 190, "value_cost": "12.00", "enabled": true, "timestamp": "2021-08-10T18:23:40.365Z", "updated": "2021-08-12T19:02:06.913Z"}}, {"model": "main.parametersetperiodsubjectvaluecost", "pk": 757, "fields": {"parameter_set_period_subject": 191, "value_cost": "9.00", "enabled": true, "timestamp": "2021-08-10T18:23:48.031Z", "updated": "2021-08-10T18:24:25.678Z"}}, {"model": "main.parametersetperiodsubjectvaluecost", "pk": 758, "fields": {"parameter_set_period_subject": 191, "value_cost": "7.25", "enabled": true, "timestamp": "2021-08-10T18:23:48.037Z", "updated": "2021-08-10T18:24:31.931Z"}}, {"model": "main.parametersetperiodsubjectvaluecost", "pk": 759, "fields": {"parameter_set_period_subject": 191, "value_cost": "5.00", "enabled": true, "timestamp": "2021-08-10T18:23:48.044Z", "updated": "2021-08-10T18:24:39.361Z"}}, {"model": "main.parametersetperiodsubjectvaluecost", "pk": 760, "fields": {"parameter_set_period_subject": 191, "value_cost": "3.00", "enabled": false, "timestamp": "2021-08-10T18:23:48.051Z", "updated": "2021-08-10T18:24:47.946Z"}}, {"model": "main.parametersetperiodsubjectvaluecost", "pk": 761, "fields": {"parameter_set_period_subject": 192, "value_cost": "11.00", "enabled": true, "timestamp": "2021-08-10T18:23:48.082Z", "updated": "2021-08-12T19:02:00.176Z"}}, {"model": "main.parametersetperiodsubjectvaluecost", "pk": 762, "fields": {"parameter_set_period_subject": 192, "value_cost": "9.25", "enabled": true, "timestamp": "2021-08-10T18:23:48.089Z", "updated": "2021-08-12T19:02:00.180Z"}}, {"model": "main.parametersetperiodsubjectvaluecost", "pk": 763, "fields": {"parameter_set_period_subject": 192, "value_cost": "7.00", "enabled": true, "timestamp": "2021-08-10T18:23:48.095Z", "updated": "2021-08-12T19:02:00.184Z"}}, {"model": "main.parametersetperiodsubjectvaluecost", "pk": 764, "fields": {"parameter_set_period_subject": 192, "value_cost": "5.00", "enabled": false, "timestamp": "2021-08-10T18:23:48.102Z", "updated": "2021-08-12T19:02:00.189Z"}}, {"model": "main.parametersetperiodsubjectvaluecost", "pk": 765, "fields": {"parameter_set_period_subject": 193, "value_cost": "3.00", "enabled": true, "timestamp": "2021-08-10T18:23:49.986Z", "updated": "2021-08-10T18:27:35.116Z"}}, {"model": "main.parametersetperiodsubjectvaluecost", "pk": 766, "fields": {"parameter_set_period_subject": 193, "value_cost": "12.00", "enabled": false, "timestamp": "2021-08-10T18:23:49.994Z", "updated": "2021-08-10T18:27:58.465Z"}}, {"model": "main.parametersetperiodsubjectvaluecost", "pk": 767, "fields": {"parameter_set_period_subject": 193, "value_cost": "9.00", "enabled": true, "timestamp": "2021-08-10T18:23:50.002Z", "updated": "2021-08-10T18:27:47.296Z"}}, {"model": "main.parametersetperiodsubjectvaluecost", "pk": 768, "fields": {"parameter_set_period_subject": 193, "value_cost": "6.25", "enabled": true, "timestamp": "2021-08-10T18:23:50.009Z", "updated": "2021-08-10T18:27:42.006Z"}}, {"model": "main.parametersetperiodsubjectvaluecost", "pk": 769, "fields": {"parameter_set_period_subject": 194, "value_cost": "4.00", "enabled": true, "timestamp": "2021-08-10T18:23:50.046Z", "updated": "2021-08-12T19:02:06.919Z"}}, {"model": "main.parametersetperiodsubjectvaluecost", "pk": 770, "fields": {"parameter_set_period_subject": 194, "value_cost": "7.25", "enabled": true, "timestamp": "2021-08-10T18:23:50.053Z", "updated": "2021-08-12T19:02:06.923Z"}}, {"model": "main.parametersetperiodsubjectvaluecost", "pk": 771, "fields": {"parameter_set_period_subject": 194, "value_cost": "10.00", "enabled": true, "timestamp": "2021-08-10T18:23:50.060Z", "updated": "2021-08-12T19:02:06.927Z"}}, {"model": "main.parametersetperiodsubjectvaluecost", "pk": 772, "fields": {"parameter_set_period_subject": 194, "value_cost": "13.00", "enabled": false, "timestamp": "2021-08-10T18:23:50.067Z", "updated": "2021-08-12T19:02:06.931Z"}}, {"model": "main.session", "pk": 1, "fields": {"parameter_set": 1, "creator": 1, "title": "Unit Test", "start_date": "2021-08-10", "channel_key": "26fd4c27-f690-493a-ac6e-db812d3b4d0e", "session_key": "b869c986-423a-4e0a-b681-4f82531a72f4", "started": false, "current_period": 1, "finished": false, "soft_delete": false, "timestamp": "2021-08-10T18:21:46.403Z", "updated": "2021-08-11T22:25:31.244Z"}}]